word,freq
Julia,16
Martin,12
Franziska,11
Lisa,11
Michael,10
Miriam,10
Anna,9
Anne,9
Eva,9
Philipp,9
Sebastian,9
Simon,9
Katharina,8
Maria,8
Andreas,7
Anja,7
Christian,7
Christine,7
Daniel,7
Kerstin,7
Max,7
Robert,7
Sarah,7
Christoph,6
Elisabeth,6
Florian,6
Hanna,6
Jens,6
Lena,6
Patrick,6
Sabrina,6
Sandra,6
Stefan,6
Christina,5
Friederike,5
Ina,5
Jana,5
Jenny,5
Judith,5
Juliane,5
Marie,5
Marlene,5
Alex,4
Andy,4
Anke,4
Bettina,4
Carmen,4
Caro,4
Carolin,4
Charlotte,4
Constanze,4
Dennis,4
Fabian,4
Franz,4
Jan,4
Jonas,4
Karoline,4
Laura,4
Lioba,4
Maike,4
Marcel,4
Marcus,4
Marina,4
Melanie,4
Pauline,4
Stephanie,4
Svea,4
Tobias,4
Ursula,4
Andi,3
Andrea,3
Annika,3
Arch,3
Armin,3
Barbara,3
Bernd,3
Daniela,3
Doro,3
Felix,3
Historiker,3
Johannes,3
Konstantina,3
Lukas,3
Maha,3
Marius,3
Markus,3
Meike,3
Mona,3
Oliver,3
Peter,3
Ralf,3
Saskia,3
Sven,3
Uwe,3
Alan,2
Albert,2
Alena,2
Alexander,2
Alina,2
Aljoscha,2
Amelie,2
Amrei,2
Ana,2
Anette,2
Anina,2
Annina,2
Antje,2
Antonia,2
Arne,2
Astrid,2
Aurelia,2
Babette,2
Balou,2
Beate,2
Benjamin,2
Bernhard,2
Bianca,2
Birgit,2
Birte,2
Bunker,2
Carina,2
Carsten,2
Cassius,2
Cathleen,2
Cita,2
Claudia,2
Constantin,2
Darinka,2
Denise,2
Don,2
Doroth,2
Drolli,2
Egbert,2
Elke,2
Falk,2
Federico,2
Feit,2
Felipe,2
Frank,2
Franka,2
Frieder,2
Gabriela,2
Gerrit,2
Gertraud,2
Gordana,2
Gordon,2
Gregor,2
Gustav,2
Hannah,2
Harald,2
Heiko,2
Helen,2
Helge,2
Helmut,2
Hexi,2
Hinnerk,2
Ingmar,2
Iris,2
Irmtraud,2
Jakob,2
jan,2
Janine,2
Jannis,2
Jennifer,2
Jo,2
Joana,2
Johanna,2
Jonathan,2
Jule,2
Julie,2
Julika,2
Jutta,2
Karina,2
Karolin,2
Karsten,2
Katja,2
Klara,2
Klaus,2
Konstantin,2
Korbinian,2
Kristin,2
Kristina,2
Lann,2
Lea,2
Leni,2
Lilly,2
Linda,2
Lisbeth,2
Lucas,2
Luise,2
Madita,2
Maik,2
Majana,2
Mareen,2
Marthe,2
Martina,2
Mathias,2
Mathis,2
Melissa,2
Mia,2
Milo,2
Mirjam,2
Moe,2
Moritz,2
Nadine,2
Natascha,2
Nim,2
Nina,2
Nora,2
Pawel,2
Pia,2
Richard,2
Ronald,2
Ruth,2
Sabine,2
Sandro,2
Sascha,2
Sevda,2
Silke,2
Silvia,2
Sophia,2
Sophie,2
Stefanie,2
Steffen,2
Tabea,2
Tam,2
Theresa,2
Thomas,2
Thorsten,2
Tina,2
Toke,2
Tullio,2
Ulrich,2
Vanina,2
Verena,2
Victoria,2
Vika,2
Willi,2
Achmed,1
Adriana,1
Alegra,1
Amir,1
Anastasia,1
Apodini,1
Aurora,1
Autistin,1
Bartl,1
Berenike,1
Berit,1
Bert,1
Brigitte,1
Brug,1
Carolina,1
Cassandra,1
Chris,1
Christiane,1
Clayton,1
Cyril,1
Dar,1
David,1
Dino,1
Dirk,1
Doktorand,1
Dominic,1
Dominique,1
Doreen,1
Dustin,1
Elsie,1
Elster,1
Esther,1
Expertx,1
Faustina,1
Franzi,1
Georg,1
Gero,1
Gypoma,1
Habiba,1
hanna,1
Hannas,1
Hanno,1
Hassan,1
helmut,1
Henrik,1
Hinaa,1
Holger,1
Horst,1
Inga,1
Isabel,1
Ivan,1
Jaana,1
Janina,1
Jeany,1
Jochen,1
Josh,1
Julian,1
Kai,1
Karen,1
Karo,1
kat,1
Kate,1
Kathrin,1
Kemal,1
Kevin,1
Knicke,1
Kris,1
Lennart,1
Lia,1
Lina,1
Lorenz,1
Lotte,1
Louisa,1
Luca,1
Maleo,1
Manja,1
marc,1
Marco,1
Marion,1
Mascha,1
Matth,1
Matthias,1
Miguel,1
Momo,1
Nathalie,1
Nele,1
Nichts,1
Nicola,1
Nicolai,1
Nils,1
Paula,1
Phillip,1
Polly,1
postdoc,1
Regina,1
Reyhan,1
Rita,1
Rolf,1
Rosa,1
Rosi,1
Ruben,1
Ryu,1
Sahra,1
Schorsch,1
Simone,1
Sina,1
Slodo,1
Sofia,1
sophia,1
staunend,1
Svenja,1
Teresa,1
Tyson,1
Ulrike,1
Wendula,1
Widukind,1
Yasmin,1
Yusuf,1
Yvonne,1