word,freq
Achmed,1
Adriana,1
Alan,2
Albert,2
Alegra,1
Alena,2
Alex,4
Alexander,2
ALF,1
Alina,2
Aljoscha,2
Amelie,2
Amir,1
Amrei,2
Ana,2
Anastasia,1
Andi,3
Andrea,3
Andreas,7
Andy,4
Anette,2
Anina,2
Anja,7
Anke,4
Anna,9
Anne,9
Annika,3
Annina,2
Antje,2
Antonia,2
Apodini,1
Armin,3
Arne,2
Astrid,2
Aurelia,2
Aurora,1
Babette,2
Balou,2
Barbara,3
Bartl,1
Beate,2
Benjamin,2
Berenike,1
Berit,1
Bernd,3
Bernhard,2
Bert,1
Bettina,4
Bianca,2
Birgit,2
Birte,2
Björn,8
Brigitte,1
Brug,1
Bunker,2
Carina,2
Carmen,4
Caro,4
Carolin,4
Carolina,1
Carsten,2
Cassandra,1
Cassius,2
Cathleen,2
Cécile,2
Charlotte,4
Chris,1
Christian,7
Christiane,1
Christina,5
Christine,7
Christoph,6
Cita,2
Claudia,2
Clayton,1
Constantin,2
Constanze,4
Cyril,1
Daniel,7
Daniela,3
Dar,1
Darinka,2
David,1
Denise,2
Dennis,4
Dino,1
Dirk,1
Dog,1
Doktorand,1
Dominic,1
Dominique,1
Don,2
Doreen,1
Doro,3
Dorothée,2
Drolli,2
Dustin,1
Egbert,2
Elisabeth,6
Elke,2
Elsie,1
Elster,1
Esther,1
Eva,9
Fabian,4
Falk,2
Faustina,1
Federico,2
Feit,2
Felipe,2
Felix,3
Florian,6
Frank,2
Franka,2
Franz,4
Franzi,1
Franziska,11
Frieder,2
Friederike,5
Fuzzy,1
Gabriela,2
Georg,1
Gero,1
Gerrit,2
Gertraud,2
Gordana,2
Gordon,2
Gregor,2
Günter,1
Gustav,2
Gypoma,1
Habiba,1
Hanna,7
Hannah,2
Hannas,1
Hanno,1
Harald,2
Hassan,1
Heiko,2
Helen,2
Helge,2
Helmut,3
Henrik,1
Hexi,2
Hinaa,1
Hinnerk,2
Holger,1
Horst,1
Ina,5
Inga,1
Ingmar,2
Iris,2
Irmtraud,2
Isabel,1
Ivan,1
Jaana,1
Jakob,2
Jan,6
Jana,5
Janina,1
Janine,2
Jannis,2
Jeany,1
Jennifer,2
Jenny,5
Jens,6
Joana,2
Jochen,1
Joëlle,2
Johanna,2
Johannes,3
Jonas,4
Jonathan,2
Jörn,2
Josh,1
Judith,5
Jule,2
Julia,16
Julian,1
Juliane,5
Julie,2
Julika,2
Jürgen,2
Jutta,2
Kai,1
Karen,1
Karina,2
Karo,1
Karolin,2
Karoline,4
Karsten,2
kat,1
Kate,1
Katharina,8
Kathrin,1
Katja,2
Kemal,1
Kerstin,7
Kevin,1
Klara,2
Klaus,2
Knicke,1
Konstantin,2
Konstantina,3
Korbinian,2
Kris,1
Kristin,2
Kristina,2
Lann,2
Laura,4
Lea,2
Lena,6
Leni,2
Lennart,1
Lia,1
Lilly,2
Lina,1
Linda,2
Lioba,4
Lisa,11
Lisbeth,2
Lorenz,1
Lotte,1
Louisa,1
Luca,1
Lucas,2
Luise,2
Lukas,3
Madita,2
Maha,3
Maik,2
Maike,4
Majana,2
Maleo,1
Manja,1
Marc,1
Marcel,4
Marco,1
Marcus,4
Mareen,2
Maria,8
Marie,5
Marina,4
Marion,1
Marius,3
Markus,3
Marlene,5
Marthe,2
Martin,12
Martina,2
Mascha,1
Mathias,2
Mathis,2
Matthäus,1
Matthias,1
Max,7
Meike,3
Melanie,4
Melissa,2
Mia,2
Michael,10
Miguel,1
Milo,2
Miriam,10
Mirjam,2
Moe,2
Momo,1
Mona,3
Moritz,2
Nadine,2
Natascha,2
Nathalie,1
Nele,1
Nicola,1
Nicolai,1
Nils,1
Nim,2
Nina,2
Nora,2
OLA,1
Oliver,3
Patrick,6
Paula,1
Pauline,4
Pawel,2
Peter,3
Philipp,9
Phillip,1
Pia,2
Polly,1
Ralf,3
Regina,1
Reyhan,1
Richard,2
Rita,1
Robert,7
Rolf,1
Ronald,2
Rosa,1
Rosi,1
Ruben,1
Ruth,2
Ryu,1
Sabine,2
Sabrina,6
Sahra,1
Sandra,6
Sandro,2
Sarah,7
Sascha,2
Saskia,3
Schnö,1
Schorsch,1
Schrödinger,1
Sebastian,9
Sevda,2
Silke,2
Silvia,2
Simon,9
Simone,1
Sina,1
Slodo,1
Sofia,1
sophia,1
Sophia,2
Sophie,2
Stefan,6
Stefanie,2
Steffen,2
Stephanie,4
Stixguru,1
Svea,4
Sven,3
Svenja,1
Tabea,2
Tamás,2
Teresa,1
Theresa,2
Thomas,2
Thorsten,2
Tina,2
Tobias,4
Toke,2
Tullio,2
Tyson,1
Ulrich,2
Ulrike,1
Ursula,4
Uwe,3
Vanina,2
Verena,2
Véronique,2
Victoria,2
Vika,2
Wendula,1
Widukind,1
Willi,2
Wolfgang,2
wolle,1
Yasmin,1
Yusuf,1
Yvonne,1

